CREATE DATABASE  IF NOT EXISTS `mydb` /*!40100 DEFAULT CHARACTER SET utf8 */;
USE `mydb`;
-- MySQL dump 10.13  Distrib 8.0.13, for Win64 (x86_64)
--
-- Host: localhost    Database: mydb
-- ------------------------------------------------------
-- Server version	8.0.13

/*!40101 SET @OLD_CHARACTER_SET_CLIENT=@@CHARACTER_SET_CLIENT */;
/*!40101 SET @OLD_CHARACTER_SET_RESULTS=@@CHARACTER_SET_RESULTS */;
/*!40101 SET @OLD_COLLATION_CONNECTION=@@COLLATION_CONNECTION */;
 SET NAMES utf8 ;
/*!40103 SET @OLD_TIME_ZONE=@@TIME_ZONE */;
/*!40103 SET TIME_ZONE='+00:00' */;
/*!40014 SET @OLD_UNIQUE_CHECKS=@@UNIQUE_CHECKS, UNIQUE_CHECKS=0 */;
/*!40014 SET @OLD_FOREIGN_KEY_CHECKS=@@FOREIGN_KEY_CHECKS, FOREIGN_KEY_CHECKS=0 */;
/*!40101 SET @OLD_SQL_MODE=@@SQL_MODE, SQL_MODE='NO_AUTO_VALUE_ON_ZERO' */;
/*!40111 SET @OLD_SQL_NOTES=@@SQL_NOTES, SQL_NOTES=0 */;

--
-- Table structure for table `p_categories`
--

DROP TABLE IF EXISTS `p_categories`;
/*!40101 SET @saved_cs_client     = @@character_set_client */;
 SET character_set_client = utf8mb4 ;
CREATE TABLE `p_categories` (
  `idProductCategories` int(11) NOT NULL AUTO_INCREMENT,
  `name` varchar(45) NOT NULL,
  `photo` varchar(45) DEFAULT NULL,
  PRIMARY KEY (`idProductCategories`)
) ENGINE=InnoDB DEFAULT CHARSET=utf8;
/*!40101 SET character_set_client = @saved_cs_client */;

--
-- Dumping data for table `p_categories`
--

LOCK TABLES `p_categories` WRITE;
/*!40000 ALTER TABLE `p_categories` DISABLE KEYS */;
/*!40000 ALTER TABLE `p_categories` ENABLE KEYS */;
UNLOCK TABLES;

--
-- Table structure for table `products`
--

DROP TABLE IF EXISTS `products`;
/*!40101 SET @saved_cs_client     = @@character_set_client */;
 SET character_set_client = utf8mb4 ;
CREATE TABLE `products` (
  `id` int(11) NOT NULL AUTO_INCREMENT,
  `name` varchar(45) NOT NULL,
  `description` varchar(45) DEFAULT NULL,
  `category` varchar(45) NOT NULL,
  `withdrawn` tinyint(1) DEFAULT '0',
  `origin` tinyint(1) NOT NULL,
  `photo` varchar(45) DEFAULT NULL,
  PRIMARY KEY (`id`)
) ENGINE=InnoDB AUTO_INCREMENT=12 DEFAULT CHARSET=utf8;
/*!40101 SET character_set_client = @saved_cs_client */;

--
-- Dumping data for table `products`
--

LOCK TABLES `products` WRITE;
/*!40000 ALTER TABLE `products` DISABLE KEYS */;
INSERT INTO `products` VALUES (1,'Προϊόν 01','Περιγραφή του προϊόντος 01','Κατηγορία Πρώτη',0,0,NULL),(2,'Προϊόν 02','Περιγραφή του προϊόντος 02','Κατηγορία Δεύτερη',0,0,NULL),(3,'Προϊόν 03','Περιγραφή του 03 προϊόντος','Κατηγορία Πρώτη',0,0,NULL),(4,'Προϊόν 04','Περιγραφή του 04 προϊόντος','Κατηγορία Πρώτη',0,0,NULL),(5,'Προϊόν 05','Περιγραφή του 05 προϊόντος','Κατηγορία Πρώτη',0,0,NULL),(6,'Προϊόν 06','Περιγραφή του 06 προϊόντος','Κατηγορία Πρώτη',0,0,NULL),(7,'Προϊόν 07','Περιγραφή του 06 προϊόντος','Κατηγορία Δεύτερη',0,0,NULL),(8,'Προϊόν 08','Περιγραφή του προϊόντος 08','Κατηγορία Πρώτη',0,0,NULL),(9,'Προϊόν 09','Περιγραφή του προϊόντος 09','Κατηγορία Πρώτη',0,0,NULL),(10,'Προϊόν 10','Περιγραφή του προϊόντος 10','Κατηγορία Πρώτη',0,0,NULL),(11,'Προϊόν 11','Περιγραφή του προϊόντος 11','Κατηγορία Τρίτη',0,0,NULL);
/*!40000 ALTER TABLE `products` ENABLE KEYS */;
UNLOCK TABLES;

--
-- Table structure for table `products_tags`
--

DROP TABLE IF EXISTS `products_tags`;
/*!40101 SET @saved_cs_client     = @@character_set_client */;
 SET character_set_client = utf8mb4 ;
CREATE TABLE `products_tags` (
  `PRODUCTS_idProducts` int(11) NOT NULL,
  `PRODUCTS_TAGScol` varchar(45) NOT NULL,
  PRIMARY KEY (`PRODUCTS_idProducts`,`PRODUCTS_TAGScol`),
  KEY `fk_table1_PRODUCTS1_idx` (`PRODUCTS_idProducts`),
  CONSTRAINT `fk_table1_PRODUCTS1` FOREIGN KEY (`PRODUCTS_idProducts`) REFERENCES `products` (`id`)
) ENGINE=InnoDB DEFAULT CHARSET=utf8;
/*!40101 SET character_set_client = @saved_cs_client */;

--
-- Dumping data for table `products_tags`
--

LOCK TABLES `products_tags` WRITE;
/*!40000 ALTER TABLE `products_tags` DISABLE KEYS */;
INSERT INTO `products_tags` VALUES (1,'Διασκέδαση'),(2,'Μουσική'),(3,'Διασκέδαση'),(3,'Μουσική'),(4,'Διασκέδαση'),(4,'Μουσική'),(5,'Μουσική'),(5,'Υπολογιστές'),(6,'Διασκέδαση'),(6,'Μουσική'),(7,'Διασκέδαση'),(8,'Μουσική'),(9,'Διασκέδαση'),(9,'Μουσική'),(10,'Διασκέδαση'),(10,'Μουσική'),(10,'Υπολογιστές'),(11,'Υπολογιστές');
/*!40000 ALTER TABLE `products_tags` ENABLE KEYS */;
UNLOCK TABLES;

--
-- Table structure for table `stores`
--

DROP TABLE IF EXISTS `stores`;
/*!40101 SET @saved_cs_client     = @@character_set_client */;
 SET character_set_client = utf8mb4 ;
CREATE TABLE `stores` (
  `idStores` int(11) NOT NULL AUTO_INCREMENT,
  `name` varchar(45) NOT NULL,
  `address` varchar(100) NOT NULL,
  `longitude` double NOT NULL,
  `latitude` double NOT NULL,
  `withdrawn` tinyint(1) NOT NULL DEFAULT '0',
  `typeOfStore` varchar(45) DEFAULT NULL,
  `registerDate` datetime DEFAULT CURRENT_TIMESTAMP,
  `USERS_idUsers` int(11) NOT NULL,
  PRIMARY KEY (`idStores`,`USERS_idUsers`),
  UNIQUE KEY `idStores_UNIQUE` (`idStores`),
  KEY `fk_STORES_USERS_idx` (`USERS_idUsers`),
  CONSTRAINT `fk_STORES_USERS` FOREIGN KEY (`USERS_idUsers`) REFERENCES `users` (`id_users`)
) ENGINE=InnoDB AUTO_INCREMENT=7 DEFAULT CHARSET=utf8;
/*!40101 SET character_set_client = @saved_cs_client */;

--
-- Dumping data for table `stores`
--

LOCK TABLES `stores` WRITE;
/*!40000 ALTER TABLE `stores` DISABLE KEYS */;
INSERT INTO `stores` VALUES (1,'Κατάστημα Χαλκίδας','Κριεζώτου 14, T.K. 34100, Χαλκίδα',23.59944,38.46361,0,NULL,'2019-03-05 03:47:21',1),(2,'Κατάστημα Ψυχικού','Διονυσίου Σολωμού 3, T.K. 15451, Ψυχικό',23.77223,38.01324,0,NULL,'2019-03-05 03:47:21',1),(3,'Κατάστημα Αγίας Παρασκευής','Λεωφόρος Μεσογείων 402, T.K. 15342, Αγία Παρασκευή',23.83333,38.01667,0,NULL,'2019-03-05 03:47:21',1),(4,'Κατάστημα Κορίνθου','Δαμασκηνού 45, T.K. 20100, Κόρινθος',22.9513,37.94007,0,NULL,'2019-03-05 03:47:21',1),(5,'Κατάστημα Πατρών','Ερμού 55, T.K. 26221, Πάτρα',21.73444,38.24444,0,NULL,'2019-03-05 03:47:21',1),(6,'Κατάστημα Λαμίας','Πλατεία Πάρκου 11-13, T.K. 35100, Λαμία',22.43333,38.9,0,NULL,'2019-03-05 03:47:21',1);
/*!40000 ALTER TABLE `stores` ENABLE KEYS */;
UNLOCK TABLES;

--
-- Table structure for table `stores_has_products`
--

DROP TABLE IF EXISTS `stores_has_products`;
/*!40101 SET @saved_cs_client     = @@character_set_client */;
 SET character_set_client = utf8mb4 ;
CREATE TABLE `stores_has_products` (
  `STORES_idStores` int(11) NOT NULL,
  `PRODUCTS_idProducts` int(11) NOT NULL,
  `price` varchar(45) DEFAULT NULL,
  `Date` date NOT NULL,
  PRIMARY KEY (`STORES_idStores`,`PRODUCTS_idProducts`,`Date`),
  KEY `fk_STORES_has_PRODUCTS_PRODUCTS1_idx` (`PRODUCTS_idProducts`),
  KEY `fk_STORES_has_PRODUCTS_STORES1_idx` (`STORES_idStores`),
  CONSTRAINT `fk_STORES_has_PRODUCTS_PRODUCTS1` FOREIGN KEY (`PRODUCTS_idProducts`) REFERENCES `products` (`id`) ON DELETE CASCADE ON UPDATE CASCADE,
  CONSTRAINT `fk_STORES_has_PRODUCTS_STORES1` FOREIGN KEY (`STORES_idStores`) REFERENCES `stores` (`idstores`) ON DELETE CASCADE ON UPDATE CASCADE
) ENGINE=InnoDB DEFAULT CHARSET=utf8;
/*!40101 SET character_set_client = @saved_cs_client */;

--
-- Dumping data for table `stores_has_products`
--

LOCK TABLES `stores_has_products` WRITE;
/*!40000 ALTER TABLE `stores_has_products` DISABLE KEYS */;
INSERT INTO `stores_has_products` VALUES (1,1,'20.0','2019-03-01'),(1,1,'20.0','2019-03-02'),(1,1,'20.0','2019-03-03'),(1,1,'20.0','2019-03-04'),(1,2,'42.99','2019-03-01'),(1,2,'42.99','2019-03-02'),(1,2,'42.99','2019-03-03'),(1,2,'42.99','2019-03-04'),(1,3,'67.3','2019-03-01'),(1,3,'67.3','2019-03-02'),(1,3,'67.3','2019-03-03'),(1,3,'67.3','2019-03-04'),(1,5,'50.0','2019-03-02'),(1,9,'20.2','2019-03-02'),(1,10,'60.0','2019-03-02'),(2,1,'21.2','2019-03-01'),(2,1,'21.2','2019-03-02'),(2,1,'21.2','2019-03-03'),(2,1,'21.2','2019-03-04'),(2,2,'33.89','2019-03-01'),(2,2,'33.89','2019-03-02'),(2,2,'33.89','2019-03-03'),(2,2,'33.89','2019-03-04'),(2,3,'66.9','2019-03-01'),(2,3,'66.9','2019-03-02'),(2,3,'66.9','2019-03-03'),(2,3,'66.9','2019-03-04'),(2,5,'51.0','2019-03-02'),(2,9,'19.0','2019-03-02'),(2,10,'61.0','2019-03-02'),(3,1,'20.45','2019-03-01'),(3,1,'20.45','2019-03-02'),(3,1,'20.45','2019-03-03'),(3,1,'20.45','2019-03-04'),(3,2,'41.1','2019-03-01'),(3,2,'41.1','2019-03-02'),(3,2,'41.1','2019-03-03'),(3,2,'41.1','2019-03-04'),(3,3,'60.0','2019-03-01'),(3,3,'60.0','2019-03-02'),(3,3,'60.0','2019-03-03'),(3,3,'60.0','2019-03-04'),(3,5,'50.5','2019-03-02'),(3,9,'20.5','2019-03-02'),(3,10,'60.5','2019-03-02'),(4,5,'51.5','2019-03-02'),(4,9,'21.5','2019-03-02'),(4,10,'61.5','2019-03-02'),(6,5,'49.9','2019-03-02'),(6,9,'19.9','2019-03-02'),(6,10,'59.9','2019-03-02');
/*!40000 ALTER TABLE `stores_has_products` ENABLE KEYS */;
UNLOCK TABLES;

--
-- Table structure for table `stores_has_users_has_products`
--

DROP TABLE IF EXISTS `stores_has_users_has_products`;
/*!40101 SET @saved_cs_client     = @@character_set_client */;
 SET character_set_client = utf8mb4 ;
CREATE TABLE `stores_has_users_has_products` (
  `STORES_idStores` int(11) NOT NULL,
  `STORES_USERS_idUsers` int(11) NOT NULL,
  `USERS_has_PRODUCTS_USERS_idUsers` int(11) NOT NULL,
  `USERS_has_PRODUCTS_PRODUCTS_idProducts` int(11) NOT NULL,
  PRIMARY KEY (`STORES_idStores`,`STORES_USERS_idUsers`,`USERS_has_PRODUCTS_USERS_idUsers`,`USERS_has_PRODUCTS_PRODUCTS_idProducts`),
  KEY `fk_STORES_has_USERS_has_PRODUCTS_STORES1_idx` (`STORES_idStores`,`STORES_USERS_idUsers`),
  CONSTRAINT `fk_STORES_has_USERS_has_PRODUCTS_STORES1` FOREIGN KEY (`STORES_idStores`, `STORES_USERS_idUsers`) REFERENCES `stores` (`idstores`, `users_idusers`)
) ENGINE=InnoDB DEFAULT CHARSET=utf8;
/*!40101 SET character_set_client = @saved_cs_client */;

--
-- Dumping data for table `stores_has_users_has_products`
--

LOCK TABLES `stores_has_users_has_products` WRITE;
/*!40000 ALTER TABLE `stores_has_users_has_products` DISABLE KEYS */;
/*!40000 ALTER TABLE `stores_has_users_has_products` ENABLE KEYS */;
UNLOCK TABLES;

--
-- Table structure for table `stores_tags`
--

DROP TABLE IF EXISTS `stores_tags`;
/*!40101 SET @saved_cs_client     = @@character_set_client */;
 SET character_set_client = utf8mb4 ;
CREATE TABLE `stores_tags` (
  `STORES_idStores` int(11) NOT NULL,
  `STORES_USERS_idUsers` int(11) NOT NULL,
  `tag` varchar(45) NOT NULL,
  PRIMARY KEY (`tag`,`STORES_idStores`),
  KEY `fk_table1_STORES1_idx` (`STORES_idStores`),
  CONSTRAINT `fk_table1_STORES1` FOREIGN KEY (`STORES_idStores`) REFERENCES `stores` (`idstores`) ON DELETE CASCADE ON UPDATE CASCADE
) ENGINE=InnoDB DEFAULT CHARSET=utf8;
/*!40101 SET character_set_client = @saved_cs_client */;

--
-- Dumping data for table `stores_tags`
--

LOCK TABLES `stores_tags` WRITE;
/*!40000 ALTER TABLE `stores_tags` DISABLE KEYS */;
INSERT INTO `stores_tags` VALUES (2,1,'Βιβλία'),(3,1,'Βιβλία'),(5,1,'Βιβλία'),(6,1,'Βιβλία'),(3,1,'Κινητά'),(4,1,'Κινητά'),(5,1,'Κινητά'),(1,1,'Μουσική'),(2,1,'Μουσική'),(2,1,'Υπολογιστές'),(4,1,'Υπολογιστές'),(6,1,'Υπολογιστές');
/*!40000 ALTER TABLE `stores_tags` ENABLE KEYS */;
UNLOCK TABLES;

--
-- Table structure for table `users`
--

DROP TABLE IF EXISTS `users`;
/*!40101 SET @saved_cs_client     = @@character_set_client */;
 SET character_set_client = utf8mb4 ;
CREATE TABLE `users` (
  `id_users` int(11) NOT NULL AUTO_INCREMENT,
  `Blocked` tinyint(1) NOT NULL DEFAULT '0',
  `password` mediumtext NOT NULL,
  `username` varchar(45) NOT NULL,
  `email` varchar(45) NOT NULL,
  `avatar` varchar(45) DEFAULT NULL,
  `registerDate` datetime NOT NULL DEFAULT CURRENT_TIMESTAMP,
  `role` varchar(45) NOT NULL,
  PRIMARY KEY (`id_users`),
  UNIQUE KEY `userName_UNIQUE` (`username`),
  UNIQUE KEY `email_UNIQUE` (`email`)
) ENGINE=InnoDB AUTO_INCREMENT=2 DEFAULT CHARSET=utf8;
/*!40101 SET character_set_client = @saved_cs_client */;

--
-- Dumping data for table `users`
--

LOCK TABLES `users` WRITE;
/*!40000 ALTER TABLE `users` DISABLE KEYS */;
INSERT INTO `users` VALUES (1,0,'aaaaa','admin','admin@admin',NULL,'2019-03-03 01:58:58','ROLE_ADMIN');
/*!40000 ALTER TABLE `users` ENABLE KEYS */;
UNLOCK TABLES;

--
-- Table structure for table `users_has_products`
--

DROP TABLE IF EXISTS `users_has_products`;
/*!40101 SET @saved_cs_client     = @@character_set_client */;
 SET character_set_client = utf8mb4 ;
CREATE TABLE `users_has_products` (
  `USERS_idUsers` int(11) NOT NULL,
  `PRODUCTS_idProducts` int(11) NOT NULL,
  PRIMARY KEY (`USERS_idUsers`,`PRODUCTS_idProducts`),
  KEY `fk_USERS_has_PRODUCTS_PRODUCTS1_idx` (`PRODUCTS_idProducts`),
  KEY `fk_USERS_has_PRODUCTS_USERS1_idx` (`USERS_idUsers`),
  CONSTRAINT `fk_USERS_has_PRODUCTS_PRODUCTS1` FOREIGN KEY (`PRODUCTS_idProducts`) REFERENCES `products` (`id`),
  CONSTRAINT `fk_USERS_has_PRODUCTS_USERS1` FOREIGN KEY (`USERS_idUsers`) REFERENCES `users` (`id_users`)
) ENGINE=InnoDB DEFAULT CHARSET=utf8;
/*!40101 SET character_set_client = @saved_cs_client */;

--
-- Dumping data for table `users_has_products`
--

LOCK TABLES `users_has_products` WRITE;
/*!40000 ALTER TABLE `users_has_products` DISABLE KEYS */;
/*!40000 ALTER TABLE `users_has_products` ENABLE KEYS */;
UNLOCK TABLES;

--
-- Dumping routines for database 'mydb'
--
/*!50003 DROP PROCEDURE IF EXISTS `GET_PRODUCTS_W_TAGS` */;
/*!50003 SET @saved_cs_client      = @@character_set_client */ ;
/*!50003 SET @saved_cs_results     = @@character_set_results */ ;
/*!50003 SET @saved_col_connection = @@collation_connection */ ;
/*!50003 SET character_set_client  = utf8 */ ;
/*!50003 SET character_set_results = utf8 */ ;
/*!50003 SET collation_connection  = utf8_general_ci */ ;
/*!50003 SET @saved_sql_mode       = @@sql_mode */ ;
/*!50003 SET sql_mode              = 'ONLY_FULL_GROUP_BY,STRICT_TRANS_TABLES,NO_ZERO_IN_DATE,NO_ZERO_DATE,ERROR_FOR_DIVISION_BY_ZERO,NO_ENGINE_SUBSTITUTION' */ ;
DELIMITER ;;
CREATE DEFINER=`root`@`localhost` PROCEDURE `GET_PRODUCTS_W_TAGS`(orderBy varchar(5), direction varchar(5), requestStatus varchar(5))
BEGIN
	
    SET @SQLStatement = CONCAT("SELECT `p`.*, group_concat(`pt`.`PRODUCTS_TAGScol` separator ',') as `tags`", 
    " FROM PRODUCTS `p`",  
    " LEFT JOIN PRODUCTS_TAGS `pt`", 
    " ON p.id = pt.PRODUCTS_idProducts",
    " WHERE p.withdrawn LIKE '", requestStatus, "%'",
	" GROUP BY id ORDER BY ", orderBy, " ", direction);
    
    PREPARE stmt FROM @SQLStatement;
    EXECUTE stmt;
END ;;
DELIMITER ;
/*!50003 SET sql_mode              = @saved_sql_mode */ ;
/*!50003 SET character_set_client  = @saved_cs_client */ ;
/*!50003 SET character_set_results = @saved_cs_results */ ;
/*!50003 SET collation_connection  = @saved_col_connection */ ;
/*!50003 DROP PROCEDURE IF EXISTS `GET_PRODUCT_BY_ID` */;
/*!50003 SET @saved_cs_client      = @@character_set_client */ ;
/*!50003 SET @saved_cs_results     = @@character_set_results */ ;
/*!50003 SET @saved_col_connection = @@collation_connection */ ;
/*!50003 SET character_set_client  = utf8 */ ;
/*!50003 SET character_set_results = utf8 */ ;
/*!50003 SET collation_connection  = utf8_general_ci */ ;
/*!50003 SET @saved_sql_mode       = @@sql_mode */ ;
/*!50003 SET sql_mode              = 'ONLY_FULL_GROUP_BY,STRICT_TRANS_TABLES,NO_ZERO_IN_DATE,NO_ZERO_DATE,ERROR_FOR_DIVISION_BY_ZERO,NO_ENGINE_SUBSTITUTION' */ ;
DELIMITER ;;
CREATE DEFINER=`root`@`localhost` PROCEDURE `GET_PRODUCT_BY_ID`(IN idToSearch int)
BEGIN
	SELECT `p`.*, group_concat(`pt`.`PRODUCTS_TAGScol` separator ',') as `tags`
	FROM PRODUCTS `p`
	LEFT JOIN PRODUCTS_TAGS `pt`
	ON p.id = pt.PRODUCTS_idProducts
	WHERE id = idToSearch;
END ;;
DELIMITER ;
/*!50003 SET sql_mode              = @saved_sql_mode */ ;
/*!50003 SET character_set_client  = @saved_cs_client */ ;
/*!50003 SET character_set_results = @saved_cs_results */ ;
/*!50003 SET collation_connection  = @saved_col_connection */ ;
/*!40103 SET TIME_ZONE=@OLD_TIME_ZONE */;

/*!40101 SET SQL_MODE=@OLD_SQL_MODE */;
/*!40014 SET FOREIGN_KEY_CHECKS=@OLD_FOREIGN_KEY_CHECKS */;
/*!40014 SET UNIQUE_CHECKS=@OLD_UNIQUE_CHECKS */;
/*!40101 SET CHARACTER_SET_CLIENT=@OLD_CHARACTER_SET_CLIENT */;
/*!40101 SET CHARACTER_SET_RESULTS=@OLD_CHARACTER_SET_RESULTS */;
/*!40101 SET COLLATION_CONNECTION=@OLD_COLLATION_CONNECTION */;
/*!40111 SET SQL_NOTES=@OLD_SQL_NOTES */;

-- Dump completed on 2019-03-05  4:35:31
